Name,Email,Class,Pass,Age,Mobile
dfdf,savdfsv@dcdv,dv,dvffv,32434,3245235
dfs,dfg@dfs,sdfa,dfg,2,124124
dsasd,sdfv@dsaf,sdf,sdf,3,34
sdds,sdf@fdsas,sdf,sdf,3223,321
vcv,vcb@fb,fvcb,fbg,34,3214
fgfg,gfh@fg,gfd,fgh,43534,435445
cxzcx,xcv@df,dsfg,dfg,23,235532
dfdhgh gfgfj,hvghgv@ygjhgkhgvkh,45,high,654,6565
sad,sdaf@dsfag,dfgdr,dfgsd,2345,234523452345
sadfds,sdaf@df,dsfg,dsfg,34,34524534
dsgfgdfg,dfsgfsd@dfg,dfg,rgdsf,21331,21342231
gf,gh@dsfsd,sdfgv,fg,432345,23452345234
afasfd,sadf@dffds,dsfg,dsfgd,234,2134312
asdf,sadf@dfsg,dsfg,dfg,2345,23452345
gdsfg,dsfg@erfgads,dsfg,dfs,342342,4322345324
ddfsg,sdf@dsf,dfs,sdg,43,2345234534
fghgf,fg@sdaf,sadf,sadf,4325,2345325
dfsd,dsa@sd,dsf,df,34,34545
fdsfsd,sdf@ddwdf,dsf,sdaf,32,2341234
fd,xv@fefw,dfs,dfg,234,4343
shiv,SHIV@GMAIL,2,shiva,21,9549383011
fgrdsf,dsfg@fefg,dfsg,dsfg,45,23455
fgbbfg,vxcb@fsdfb,sdbfg,fbfv xc,32,345
ads,fds@ddd,dvc,vx,334,32243
dfds,df@df,df,dfg,23,3234
dfas,dasg@dw,sdd,df,234,2134
gfh,fgh@few,dsffds,dfg,5452,23452354
vbcv,vcbn@df,dsfg,dfg,32,345
dbxbcv,cvxb@df,fdsg,csd,435,3454
gf,fg@x,cdv,dsvf,432,3245
gf,gfh@df,fdg,ffgd,324,34523
fd,dfv@FDVS,SDFG,FDGS,435,456
DFG,DFG@DF,DFS,DFSG,341,234
SDF,VXCCX@VFB,CDXV,FDB,234,2134
dfg,gfh@df,dsa,asd,342,345
DFS,V@FD,DFG,FD,3124,234
fdf,gf@df,fd,dfs,34,1345
fgsfd,fc@fgsg,fdg,fgds,234,2435435
werttr,ertw@dgd,sffdg,fdsg2,2345,345
rewtre,fde@dv,fdg,fgsdf,12,32323434
rewtre,fde@dv,fdg,fgsdf,12,32323434
dfsadf,dsfa@dsf,sdfdf,sdaf,23,2314
dfsadf,dsfa@dsf,sdfdf,sdaf,23,2314
rewrr,qtq@ret,ert,wert,4,235
fsdg,dfg@wet,ert,ewtrwe,342,234545
adfsd,asf@gd,dfg,dsf,124,2353245234
dffd,dfg@fds,sdf,sadf,231,213432
dsdf,dsfs@asd,asdf,dsfs,23,2134213432
cxcv,dsf@dfs,fds,df,34,3223232323
jgjkg,jbj@nv,jbjkbk,ads,32,2454334344
dssd,sadf@das,dsfaf,dsfa,23,1222121212
sdaas,safd@dasf,afdsaaasdf,asf,23,2323232332
sdffd,dsfg@dafs,sdg,dsfg,12,1321111111
sdfgsdf,sdg@gmail.com,bj,dcac,23,1231231231
af,sadfa@googal.com,hgdw,asdf,12,1212121212
fdfgsd,gfd@google.com,kjkln,knkl,12,1212121212
sdsaf,sadf@yahoo.com,saas,sadff,12,1221221212
dsfgfg,sdg@googl.com,dfds,sd,34,2323232326
dsfgfg,sdg@googl.com,dfds,sd,34,2323232326
sdfdf,dfg@google.com,njnd,jnj,12,2345656545
sdfd,dsf@yahoo.com,jn,jbjkb,12,4545454545
fdfsdf,sdf@google.com,jnjkm,jkb,12,5656565656
gfgfh,cvb@dfdgh,fghdfgh,fghgf,33,1232523542
fdgfsd,fv@fdsfd,dfgsd,fdgds,32,1231231231
sdfr,fds@efd,dsfgs,sdfg,12,1212121212
fgdhdgf,bgc@dfd,fgdhf,fgh,54,3434343434
jhjh,jbj@jkkbk,jbjk,jbjk,21,2323232323
dfsg,sdfh@ffd,fdsgsdf,dfsgs,23,4545454545
dfgh,fdgh@df,sdaf,safd,12,4545454545
fghhgf,gfh@gfd,dfg,dfgsd,23,4545565656
fsd,fdsg@dfa,adsfs,dfasf,23,2323232323
xxfbx,xcb@das,dfas,asdf,22,8989787878
ewffdf,fd@dsf,dasf,fdas,23,1231231231
fdgdf,sdf@sdasdf,asd,sad,23,3434343434
fdsgfd,fdsg@fd,dfgfdg,dgsf,12,3434343434
vcxbcv,cdv@dfs,fdfd,dfgf,44,4545454545
fgh,ghd@df,dfgs,dfg,34,2323232323
cvxb,cxv@fgf,fghgf,fgh,21,2222222222
fdsfgd,fdsgfd@d,dsfsgf,dsf,33,8989898989
fds,df@dfgfdfg,dsf,fds,23,3434343434
fdhgf,fghh@fdg,fsg,sdfsg,34,3434343434
gfhdgh,ghf@fd,gd,dfg,45,5555555555
d,dfv@fds,fdgsd,dfg,22,3232322323
dfa,dfg@dsa,sdf,dsf,23,2323323232
we,dsf@das,sdfa,sdf,34,4555555545
efsg,dsfg@df,fdfs,dfsg,34,3333333333
ffdg,df@fd,dfs,dfs,22,2222222222
vsdffdg,fd@fdg,fsdg,gsd,23,5656565656
gfdh,fgh@fd,sdfg,sdg,44,3434444333
cvbn,gf@df,dsfg,sdfg,34,2332222222
xcc,xcv2@xc,xcvz,xcv,22,2222222222
fsdf,dfg@df,dfsg,dsfg,23,2323232323
fggf,fg@d,dsf,dg,23,2333333333
dfsfd,fds@google.com,knk,kn,12,1231231231
vx,fgb2@google.com,jnj,nj,12,6767676767
sfd,dfs@fd,dfgdf,dfg,34,3434433333
sdsdf,asdf@dds,dsf,dsaf,21,2112121212
bm,mbv@vncn,cnb,ffgh,34,4545454545
asd,df@d,fsa,sd,12,1212121212
rtwe,er@er,ewt,ert,23,2323232323
hjhhg,hfjgf@gchg,drff,xcgx,44,4567876543
hgjhg,dgf@VB,VNN ,GCHG,23,1234567876
VFV,CVB@DSF,FDGD,DFG,12,2222222222
dsfg,df@dfas,sdaf,asdf,12,2323232323
dvxc,cvxb@df,dsf,fsd,23,3232323232
xsd,dsa@sdsd,asds,dsa,34,4434343434
sdafad,sdaf@sdfsadf,sadf,sadf,12,2212122121
vxcx,xcv@dfsd,dfgfd,sdfg,32,2333232322
sc xz,xc@c,sa,sd,34,4444444444
asdf,sdf@sadf,adsf,safd,54,7878787878
sdaf,sad@sds,sdaf,dsf,56,5565565656
sdfds,sadf@yahoo.com,d,sdaad,23,3233232323
dffg,fg@yahoo.com,asd,sdf,23,2323232323
sdfsa,dsa@gmail.com,hbsdasd,sadf,23,3434343434
FDSG,SDGSD@GMAIL.COM,JJKMS,SDDDS,23,1212122121
SHIVGAUTAM AGRAWAL,SHIVA@GMAIL.COM,12,SNJNSN,12,3434343434
